<?xml version="1.0" encoding="utf-8" ?>
<Defs>
 
  <ThingDef ParentName="BuildingBase" Abstract="True" Name="BaseShip">
    <thingClass>OHUShips.ShipBase</thingClass>
    <defName>BasicShip</defName>
    <label>ship</label>
    <description>A launchable suborbital-ship.</description>
    <graphicData>
      <texPath>Things/Special/DropPod</texPath>
      <graphicClass>Graphic_Single</graphicClass>
      <shaderType>Cutout</shaderType>
      <drawSize>(2,2)</drawSize>
    </graphicData>
    <inspectorTabs>
      <li>OHUShips.ITab_ShipCargo</li>
      <li>OHUShips.ITab_Fleet</li>
    </inspectorTabs>
    <drawerType>RealtimeOnly</drawerType>
    <size>(1,1)</size>
    <tickerType>Normal</tickerType>
    <rotatable>true</rotatable>
    <altitudeLayer>MoteOverhead</altitudeLayer>
    <passability>Impassable</passability>
    <castEdgeShadows>true</castEdgeShadows>
    <staticSunShadowHeight>0.5</staticSunShadowHeight>
    <fillPercent>1.0</fillPercent>
    <designationCategory>Ship</designationCategory>
    
    <statBases>
      <Mass>120</Mass>
      <MaxHitPoints>250</MaxHitPoints>
      <WorkToBuild>3000</WorkToBuild>
      <Flammability>0</Flammability>
    </statBases>
    <costList>
      <Steel>80</Steel>
      <ComponentIndustrial>1</ComponentIndustrial>
    </costList>
    <placeWorkers>
      <li>PlaceWorker_NotUnderRoof</li>
    </placeWorkers>
		<researchPrerequisites>
			<li>ShipBasics</li>
		</researchPrerequisites>
    <drawOffscreen>true</drawOffscreen>
    <building>
      <claimable>true</claimable>
      <alwaysDeconstructible>true</alwaysDeconstructible>
    </building>

  </ThingDef>

  <!--=============== Dropship ===============-->


  <ThingDef ParentName="BaseShip">
    <thingClass>OHUShips.ShipBase</thingClass>
    <defName>OHUDropShip</defName>
    <label>OHU Dropship</label>
    <description>A small freighter designed primarily for planetary ressource extractions. Durable, easy to manufacture and powerful enough to reach orbital platforms or motherships.
Not intended as fighter aircraft or assault carrier.

Still the manufacturer boasts that on underdeveloped Rimworlds, this ship can dominate the airspace, and the at the time quite controversial introduction of bombing capabilities makes offensive strikes a feasible option.


Manufacturer: OHU (Orbital Hubs United)
Fuel Capacity: 3000
Maximum Cargo Capacity: 1000 kg
Defensive Capabilities: 1x Light Caliber Front Gun
Offensive Capabilities: 1x Payload Slot</description>
    <graphicData>
      <texPath>Things/Ships/OHUDropShip</texPath>
      <graphicClass>Graphic_Single</graphicClass>
      <shaderType>Cutout</shaderType>
      <drawSize>(9,9)</drawSize>
    </graphicData>
    <size>(7,2)</size>
    <rotatable>true</rotatable>
    <altitudeLayer>MoteOverhead</altitudeLayer>
    <passability>Impassable</passability>
    <castEdgeShadows>false</castEdgeShadows>
    <fillPercent>1.0</fillPercent>
    <designationCategory>Ship</designationCategory>
    
    <statBases>
      <Mass>120</Mass>
      <MaxHitPoints>500</MaxHitPoints>
      <WorkToBuild>3000</WorkToBuild>
      <Flammability>0</Flammability>
    </statBases>
    <comps>
      <li Class="OHUShips.CompProperties_Ship">
        <TicksToImpact>600</TicksToImpact>
        <TicksToDespawn>300</TicksToDespawn>
        <WorldMapTravelSpeedFactor>1</WorldMapTravelSpeedFactor>
        <maxCargo>1000</maxCargo>
        <maxPassengers>8</maxPassengers>
        <CanBeStartingShip>true</CanBeStartingShip>
        <availableToFactions>
		<li>OutlanderCivil</li>
		<li>OutlanderRough</li>
		<li>Pirate</li>
	   </availableToFactions>
        <LeavingShipDef>OHUDropShipLeaving</LeavingShipDef>
        <IncomingAngle>65</IncomingAngle>
        <ShadowGraphicPath>Things/Ships/OHUDropShipShadow</ShadowGraphicPath>
        <FleetIconGraphicPath>Things/Ships/OHUDropShipFleetIcon</FleetIconGraphicPath>

        <weaponSlots>
	    <li>
          <SlotName>Front Gun</SlotName>
          <slotType>LightCaliber</slotType>
          <turretPosOffset>(4,0,0)</turretPosOffset>
          <turretMinSize>(1,1)</turretMinSize>
	    </li>
	    <li>
          <SlotName>Payload</SlotName>
          <slotType>Bombing</slotType>
          <turretPosOffset>(4,0,0)</turretPosOffset>
	    </li>
	   </weaponSlots>

	 </li>
      <li Class="CompProperties_Refuelable">
        <fuelConsumptionRate>5.0</fuelConsumptionRate>
        <fuelCapacity>3000.0</fuelCapacity>
        <fuelFilter>
          <thingDefs>
            <li>Chemfuel</li>
          </thingDefs>
        </fuelFilter>
        <consumeFuelOnlyWhenUsed>true</consumeFuelOnlyWhenUsed>
        <showFuelGizmo>true</showFuelGizmo>
        <targetFuelLevelConfigurable>true</targetFuelLevelConfigurable>
        <initialConfigurableTargetFuelLevel>200</initialConfigurableTargetFuelLevel>
        <drawOutOfFuelOverlay>false</drawOutOfFuelOverlay>
        <autoRefuelPercent>0.75</autoRefuelPercent>
      </li>
    </comps>

    <costList>
      <Steel>800</Steel>
      <Plasteel>100</Plasteel>
      <ComponentIndustrial>20</ComponentIndustrial>
    </costList>
		<researchPrerequisites>
			<li>ShipBasics</li>
		</researchPrerequisites>
    <colorGenerator Class="ColorGenerator_Options">
      <options>
        <li>
          <weight>10</weight>
          <only>RGBA(1.00,1.00,1.00,1)</only>
        </li>
      </options>
    </colorGenerator>
  </ThingDef>


  <ThingDef>
    <defName>OHUDropShipLeaving</defName>
    <label>Dropship(leaving)</label>
    <category>Attachment</category>
		<thingClass>OHUShips.ShipBase_Traveling</thingClass>
		<tickerType>Normal</tickerType>
    <graphicData>
      <texPath>Things/Special/DropPod</texPath>
      <graphicClass>Graphic_Single</graphicClass>
      <shaderType>CutoutFlying</shaderType>
      <drawSize>1.9</drawSize>
    </graphicData>
    <altitudeLayer>Skyfaller</altitudeLayer>
    <useHitPoints>false</useHitPoints>
    <drawOffscreen>true</drawOffscreen>
    <selectable>false</selectable>
  </ThingDef>

  <!--=============== Kestrel ===============-->

  <ThingDef ParentName="BaseShip">
    <thingClass>OHUShips.ShipBase</thingClass>
    <defName>OHUKestrel</defName>
    <label>OHU Kestrel</label>
    <description>A small jet able to cover distances quickly. It's main purpose is planetary exploration. As such it lacks any offensive capabilities and also doesn't offer a lot of cargo space.


Manufacturer: OHU (Orbital Hubs United)
Fuel Capacity: 500
Maximum Cargo Capacity: 185 kg</description>
    <graphicData>
      <texPath>Things/Ships/OHUKestrel</texPath>
      <graphicClass>Graphic_Single</graphicClass>
      <shaderType>Cutout</shaderType>
      <drawSize>(6,6)</drawSize>
    </graphicData>
    <size>(4,1)</size>
    <rotatable>true</rotatable>
    <altitudeLayer>MoteOverhead</altitudeLayer>
    <passability>Impassable</passability>
    <castEdgeShadows>false</castEdgeShadows>
    <fillPercent>1.0</fillPercent>
    <designationCategory>Ship</designationCategory>
    
    <statBases>
      <Mass>120</Mass>
      <MaxHitPoints>200</MaxHitPoints>
      <WorkToBuild>1000</WorkToBuild>
      <Flammability>0</Flammability>
    </statBases>
    <comps>
      <li Class="OHUShips.CompProperties_Ship">
        <TicksToImpact>600</TicksToImpact>
        <TicksToDespawn>400</TicksToDespawn>
        <WorldMapTravelSpeedFactor>1.5</WorldMapTravelSpeedFactor>
        <maxCargo>185</maxCargo>
        <maxPassengers>2</maxPassengers>
        <CanBeStartingShip>false</CanBeStartingShip>
        <availableToFactions>
		<li>OutlanderCivil</li>
		<li>OutlanderRough</li>
		<li>Pirate</li>
	   </availableToFactions>
        <LeavingShipDef>OHUKestrelLeaving</LeavingShipDef>
        <IncomingAngle>65</IncomingAngle>
        <ShadowGraphicPath>Things/Ships/OHUDropShipShadow</ShadowGraphicPath>
        <FleetIconGraphicPath>Things/Ships/OHUDropShipFleetIcon</FleetIconGraphicPath>

        <weaponSlots>
	   </weaponSlots>

	 </li>
      <li Class="CompProperties_Refuelable">
        <fuelConsumptionRate>5.0</fuelConsumptionRate>
        <fuelCapacity>500.0</fuelCapacity>
        <fuelFilter>
          <thingDefs>
            <li>Chemfuel</li>
          </thingDefs>
        </fuelFilter>
        <consumeFuelOnlyWhenUsed>true</consumeFuelOnlyWhenUsed>
        <showFuelGizmo>true</showFuelGizmo>
        <targetFuelLevelConfigurable>true</targetFuelLevelConfigurable>
        <initialConfigurableTargetFuelLevel>200</initialConfigurableTargetFuelLevel>
        <drawOutOfFuelOverlay>false</drawOutOfFuelOverlay>
        <autoRefuelPercent>0.75</autoRefuelPercent>
      </li>
    </comps>

    <costList>
      <Steel>350</Steel>
      <Plasteel>25</Plasteel>
      <ComponentIndustrial>5</ComponentIndustrial>
    </costList>
		<researchPrerequisites>
			<li>ShipBasics</li>
		</researchPrerequisites>
    <colorGenerator Class="ColorGenerator_Options">
      <options>
        <li>
          <weight>10</weight>
          <only>RGBA(1.00,1.00,1.00,1)</only>
        </li>
      </options>
    </colorGenerator>
  </ThingDef>


  <ThingDef>
    <defName>OHUKestrelLeaving</defName>
    <label>Kestrel(leaving)</label>
    <category>Attachment</category>
		<thingClass>OHUShips.ShipBase_Traveling</thingClass>
		<tickerType>Normal</tickerType>
    <graphicData>
      <texPath>Things/Special/DropPod</texPath>
      <graphicClass>Graphic_Single</graphicClass>
      <shaderType>CutoutFlying</shaderType>
      <drawSize>1.9</drawSize>
    </graphicData>
    <altitudeLayer>Skyfaller</altitudeLayer>
    <useHitPoints>false</useHitPoints>
    <drawOffscreen>true</drawOffscreen>
    <selectable>false</selectable>
  </ThingDef>


  <!--=============== Albatros ===============-->

  <ThingDef ParentName="BaseShip">
    <thingClass>OHUShips.ShipBase</thingClass>
    <defName>OHUAlbatros</defName>
    <label>OHU Albatros</label>
    <description>A one-person glider optimized to travel slowly, but with little fuel consumption over large distances. Absolutely not suited for goods transport.


Manufacturer: OHU (Orbital Hubs United)
Fuel Capacity: 100
Maximum Cargo Capacity: 80 kg</description>
    <graphicData>
      <texPath>Things/Ships/OHUAlbatros</texPath>
      <graphicClass>Graphic_Single</graphicClass>
      <shaderType>Cutout</shaderType>
      <drawSize>(6,9)</drawSize>
    </graphicData>
    <size>(4,1)</size>
    <rotatable>true</rotatable>
    <altitudeLayer>MoteOverhead</altitudeLayer>
    <passability>Impassable</passability>
    <castEdgeShadows>false</castEdgeShadows>
    <fillPercent>1.0</fillPercent>
    <designationCategory>Ship</designationCategory>
    
    <statBases>
      <Mass>120</Mass>
      <MaxHitPoints>150</MaxHitPoints>
      <WorkToBuild>1000</WorkToBuild>
      <Flammability>0</Flammability>
    </statBases>
    <comps>
      <li Class="OHUShips.CompProperties_Ship">
        <TicksToImpact>600</TicksToImpact>
        <TicksToDespawn>400</TicksToDespawn>
        <WorldMapTravelSpeedFactor>0.6</WorldMapTravelSpeedFactor>
        <maxCargo>80</maxCargo>
        <maxPassengers>1</maxPassengers>
        <CanBeStartingShip>false</CanBeStartingShip>
        <availableToFactions>
		<li>OutlanderCivil</li>
		<li>OutlanderRough</li>
		<li>Pirate</li>
	   </availableToFactions>
        <LeavingShipDef>OHUAlbatrosLeaving</LeavingShipDef>
        <IncomingAngle>35</IncomingAngle>
        <ShadowGraphicPath>Things/Ships/OHUAlbatrosShadow</ShadowGraphicPath>
        <FleetIconGraphicPath>Things/Ships/OHUDropShipFleetIcon</FleetIconGraphicPath>

        <weaponSlots>
	   </weaponSlots>

	 </li>
      <li Class="CompProperties_Refuelable">
        <fuelConsumptionRate>0.2</fuelConsumptionRate>
        <fuelCapacity>100.0</fuelCapacity>
        <fuelFilter>
          <thingDefs>
            <li>Chemfuel</li>
          </thingDefs>
        </fuelFilter>
        <consumeFuelOnlyWhenUsed>true</consumeFuelOnlyWhenUsed>
        <showFuelGizmo>true</showFuelGizmo>
        <targetFuelLevelConfigurable>true</targetFuelLevelConfigurable>
        <initialConfigurableTargetFuelLevel>80</initialConfigurableTargetFuelLevel>
        <drawOutOfFuelOverlay>false</drawOutOfFuelOverlay>
        <autoRefuelPercent>0.75</autoRefuelPercent>
      </li>
    </comps>

    <costList>
      <Steel>250</Steel>
      <Plasteel>10</Plasteel>
      <ComponentIndustrial>6</ComponentIndustrial>
    </costList>
		<researchPrerequisites>
			<li>ShipBasics</li>
		</researchPrerequisites>
    <colorGenerator Class="ColorGenerator_Options">
      <options>
        <li>
          <weight>10</weight>
          <only>RGBA(1.00,1.00,1.00,1)</only>
        </li>
      </options>
    </colorGenerator>
  </ThingDef>


  <ThingDef>
    <defName>OHUAlbatrosLeaving</defName>
    <label>Albatros(leaving)</label>
    <category>Attachment</category>
		<thingClass>OHUShips.ShipBase_Traveling</thingClass>
		<tickerType>Normal</tickerType>
    <graphicData>
      <texPath>Things/Special/DropPod</texPath>
      <graphicClass>Graphic_Single</graphicClass>
      <shaderType>CutoutFlying</shaderType>
      <drawSize>1.9</drawSize>
    </graphicData>
    <altitudeLayer>Skyfaller</altitudeLayer>
    <useHitPoints>false</useHitPoints>
    <drawOffscreen>true</drawOffscreen>
    <selectable>false</selectable>
  </ThingDef>



  
</Defs>